study,region,case,arm,arm_label,cpu_seconds,wall_seconds,all_files_bytes,export_payload_bytes,coordinate_tiff_bytes,max_process_rss_bytes,precision_evidence,execution_wrapper_state,timing_scope,source_id
main10,V1,V1-P01,existing10_native,Uniform final erosion (output spacing 10 voxels),14.18,14.22,997991,154077,,352960512,directenv+module,SUCCEEDED,qualified per-case observation,main10-V1-geometry
main10,V1,V1-P01,support10_native,Fine-support finalization (output spacing 10 voxels),13.680000000000001,13.7,997991,154077,,354041856,directenv+module,FAILED,unsealed per-case log; artifacts independently qualified,main10-V1-geometry
main10,V1,V1-P01,existing5_native,Uniform final erosion (output spacing 5 voxels),24.040000000000003,24.03,3536467,543442,,394117120,directenv+module,SUCCEEDED,qualified per-case observation,main10-V1-geometry
main10,V1,V1-P02,existing10_native,Uniform final erosion (output spacing 10 voxels),15.2,15.2,1376398,212420,,362938368,directenv+module,SUCCEEDED,qualified per-case observation,main10-V1-geometry
main10,V1,V1-P02,support10_native,Fine-support finalization (output spacing 10 voxels),15.129999999999999,15.13,1376014,212420,,364150784,directenv+module,SUCCEEDED,qualified per-case observation,main10-V1-geometry
main10,V1,V1-P02,existing5_native,Uniform final erosion (output spacing 5 voxels),29.169999999999998,29.03,4827213,740620,,417136640,directenv+module,FAILED,unsealed per-case log; artifacts independently qualified,main10-V1-geometry
main10,V1,V1-P03,existing10_native,Uniform final erosion (output spacing 10 voxels),15.45,15.45,1442045,222707,,363462656,directenv+module,SUCCEEDED,qualified per-case observation,main10-V1-geometry
main10,V1,V1-P03,support10_native,Fine-support finalization (output spacing 10 voxels),15.42,15.41,1441663,222709,,365805568,directenv+module,FAILED,unsealed per-case log; artifacts independently qualified,main10-V1-geometry
main10,V1,V1-P03,existing5_native,Uniform final erosion (output spacing 5 voxels),30.86,30.7,5183267,795234,,419020800,directenv+module,SUCCEEDED,qualified per-case observation,main10-V1-geometry
main10,V1,V1-P04,existing10_native,Uniform final erosion (output spacing 10 voxels),20.279999999999998,20.24,2610617,402991,,392986624,directenv+module,SUCCEEDED,qualified per-case observation,main10-V1-geometry
main10,V1,V1-P04,support10_native,Fine-support finalization (output spacing 10 voxels),20.419999999999998,20.36,2630900,406698,,393723904,directenv+module,SUCCEEDED,qualified per-case observation,main10-V1-geometry
main10,V1,V1-P04,existing5_native,Uniform final erosion (output spacing 5 voxels),48.82,48.3,9874353,1522800,,556253184,directenv+module,SUCCEEDED,qualified per-case observation,main10-V1-geometry
main10,V1,V1-P05,existing10_native,Uniform final erosion (output spacing 10 voxels),18.95,18.91,2113139,324457,,371998720,directenv+module,SUCCEEDED,qualified per-case observation,main10-V1-geometry
main10,V1,V1-P05,support10_native,Fine-support finalization (output spacing 10 voxels),18.28,18.22,2113145,324463,,378372096,directenv+module,FAILED,unsealed per-case log; artifacts independently qualified,main10-V1-geometry
main10,V1,V1-P05,existing5_native,Uniform final erosion (output spacing 5 voxels),42.13,41.79,7940644,1216675,,447315968,directenv+module,FAILED,unsealed per-case log; artifacts independently qualified,main10-V1-geometry
main10,V1,V1-P06,existing10_native,Uniform final erosion (output spacing 10 voxels),14.290000000000001,14.35,1151030,178156,,357580800,directenv+module,SUCCEEDED,qualified per-case observation,main10-V1-geometry
main10,V1,V1-P06,support10_native,Fine-support finalization (output spacing 10 voxels),14.76,14.82,1150646,178156,,359219200,directenv+module,SUCCEEDED,qualified per-case observation,main10-V1-geometry
main10,V1,V1-P06,existing5_native,Uniform final erosion (output spacing 5 voxels),25.99,25.98,4037058,619905,,398983168,directenv+module,SUCCEEDED,qualified per-case observation,main10-V1-geometry
main10,V1,V1-P07,existing10_native,Uniform final erosion (output spacing 10 voxels),18.68,18.69,2158180,331354,,380649472,directenv+module,FAILED,unsealed per-case log; artifacts independently qualified,main10-V1-geometry
main10,V1,V1-P07,support10_native,Fine-support finalization (output spacing 10 voxels),18.52,18.49,2158181,331355,,377585664,directenv+module,SUCCEEDED,qualified per-case observation,main10-V1-geometry
main10,V1,V1-P07,existing5_native,Uniform final erosion (output spacing 5 voxels),42.51,42.21,8110643,1242802,,460177408,directenv+module,SUCCEEDED,qualified per-case observation,main10-V1-geometry
main10,V1,V1-P08,existing10_native,Uniform final erosion (output spacing 10 voxels),19.23,19.15,2379102,366612,,390692864,directenv+module,SUCCEEDED,qualified per-case observation,main10-V1-geometry
main10,V1,V1-P08,support10_native,Fine-support finalization (output spacing 10 voxels),19.18,19.1,2398815,370005,,386039808,directenv+module,SUCCEEDED,qualified per-case observation,main10-V1-geometry
main10,V1,V1-P08,existing5_native,Uniform final erosion (output spacing 5 voxels),45.769999999999996,45.3,9111026,1404401,,538836992,directenv+module,SUCCEEDED,qualified per-case observation,main10-V1-geometry
main10,V1,V1-P09,existing10_native,Uniform final erosion (output spacing 10 voxels),17.63,17.59,1944971,298497,,376471552,directenv+module,FAILED,unsealed per-case log; artifacts independently qualified,main10-V1-geometry
main10,V1,V1-P09,support10_native,Fine-support finalization (output spacing 10 voxels),17.79,17.78,1952243,299881,,380338176,directenv+module,SUCCEEDED,qualified per-case observation,main10-V1-geometry
main10,V1,V1-P09,existing5_native,Uniform final erosion (output spacing 5 voxels),39.13,39.51,7127549,1090876,,439468032,directenv+module,SUCCEEDED,qualified per-case observation,main10-V1-geometry
main10,V1,V1-P10,existing10_native,Uniform final erosion (output spacing 10 voxels),25.91,25.77,3797794,586584,,428048384,directenv+module,FAILED,unsealed per-case log; artifacts independently qualified,main10-V1-geometry
main10,V1,V1-P10,support10_native,Fine-support finalization (output spacing 10 voxels),24.85,24.63,3885982,603092,,428965888,directenv+module,SUCCEEDED,qualified per-case observation,main10-V1-geometry
main10,V1,V1-P10,existing5_native,Uniform final erosion (output spacing 5 voxels),63.7,62.85,14865773,2306476,,618053632,actualenv+pinneddefaultdtypecode,SUCCEEDED,qualified per-case observation,main10-V1-geometry
main10,V1,V1-P14,existing10_native,Uniform final erosion (output spacing 10 voxels),12.78,12.81,866736,134502,,350994432,directenv+module,SUCCEEDED,qualified per-case observation,main10-V1-geometry
main10,V1,V1-P14,support10_native,Fine-support finalization (output spacing 10 voxels),12.649999999999999,12.66,866746,134512,,351584256,directenv+module,FAILED,unsealed per-case log; artifacts independently qualified,main10-V1-geometry
main10,V1,V1-P14,existing5_native,Uniform final erosion (output spacing 5 voxels),21.53,21.44,2962627,455362,,392052736,directenv+module,SUCCEEDED,qualified per-case observation,main10-V1-geometry
main10,V1,V1-P15,existing10_native,Uniform final erosion (output spacing 10 voxels),16.84,16.83,1716647,263901,,371326976,directenv+module,SUCCEEDED,qualified per-case observation,main10-V1-geometry
main10,V1,V1-P15,support10_native,Fine-support finalization (output spacing 10 voxels),16.919999999999998,16.89,1716646,263900,,374046720,directenv+module,SUCCEEDED,qualified per-case observation,main10-V1-geometry
main10,V1,V1-P15,existing5_native,Uniform final erosion (output spacing 5 voxels),35.440000000000005,35.21,6336492,969899,,425803776,directenv+module,SUCCEEDED,qualified per-case observation,main10-V1-geometry
main10,V1,V1-P16,existing10_native,Uniform final erosion (output spacing 10 voxels),18.16,18.16,2016425,309663,,375635968,directenv+module,FAILED,unsealed per-case log; artifacts independently qualified,main10-V1-geometry
main10,V1,V1-P16,support10_native,Fine-support finalization (output spacing 10 voxels),18.04,18.01,2016426,309664,,374030336,directenv+module,SUCCEEDED,qualified per-case observation,main10-V1-geometry
main10,V1,V1-P16,existing5_native,Uniform final erosion (output spacing 5 voxels),40.94,40.69,7519850,1150697,,435175424,directenv+module,SUCCEEDED,qualified per-case observation,main10-V1-geometry
main10,V1,V1-P18,existing10_native,Uniform final erosion (output spacing 10 voxels),17.71,17.68,1984559,305637,,373686272,directenv+module,SUCCEEDED,qualified per-case observation,main10-V1-geometry
main10,V1,V1-P18,support10_native,Fine-support finalization (output spacing 10 voxels),18.529999999999998,18.5,1984558,305636,,374865920,directenv+module,SUCCEEDED,qualified per-case observation,main10-V1-geometry
main10,V1,V1-P18,existing5_native,Uniform final erosion (output spacing 5 voxels),39.230000000000004,38.95,7255722,1111913,,438976512,directenv+module,SUCCEEDED,qualified per-case observation,main10-V1-geometry
main10,V1,V1-P19,existing10_native,Uniform final erosion (output spacing 10 voxels),17.939999999999998,17.9,1994813,306419,,371720192,directenv+module,SUCCEEDED,qualified per-case observation,main10-V1-geometry
main10,V1,V1-P19,support10_native,Fine-support finalization (output spacing 10 voxels),17.740000000000002,17.68,2021669,311323,,376406016,directenv+module,FAILED,unsealed per-case log; artifacts independently qualified,main10-V1-geometry
main10,V1,V1-P19,existing5_native,Uniform final erosion (output spacing 5 voxels),40.82,40.56,7475820,1145579,,434520064,directenv+module,FAILED,unsealed per-case log; artifacts independently qualified,main10-V1-geometry
main10,V1,V1-P20,existing10_native,Uniform final erosion (output spacing 10 voxels),23.89,23.75,3488505,538287,,415956992,directenv+module,SUCCEEDED,qualified per-case observation,main10-V1-geometry
main10,V1,V1-P20,support10_native,Fine-support finalization (output spacing 10 voxels),23.88,23.75,3562862,551524,,424869888,directenv+module,SUCCEEDED,qualified per-case observation,main10-V1-geometry
main10,V1,V1-P20,existing5_native,Uniform final erosion (output spacing 5 voxels),65.17999999999999,64.53,13613410,2105441,,641810432,directenv+module,FAILED,unsealed per-case log; artifacts independently qualified,main10-V1-geometry
main10,V1,V1-P21,existing10_native,Uniform final erosion (output spacing 10 voxels),15.56,15.58,1453271,224205,,365920256,directenv+module,FAILED,unsealed per-case log; artifacts independently qualified,main10-V1-geometry
main10,V1,V1-P21,support10_native,Fine-support finalization (output spacing 10 voxels),15.61,15.63,1452883,224201,,364265472,directenv+module,SUCCEEDED,qualified per-case observation,main10-V1-geometry
main10,V1,V1-P21,existing5_native,Uniform final erosion (output spacing 5 voxels),30.959999999999997,30.74,5254730,806089,,420511744,directenv+module,FAILED,unsealed per-case log; artifacts independently qualified,main10-V1-geometry
main10,V1,V1-P22,existing10_native,Uniform final erosion (output spacing 10 voxels),14.09,14.19,1079270,167260,,355745792,directenv+module,SUCCEEDED,qualified per-case observation,main10-V1-geometry
main10,V1,V1-P22,support10_native,Fine-support finalization (output spacing 10 voxels),14.110000000000001,14.22,1079270,167260,,355500032,directenv+module,SUCCEEDED,qualified per-case observation,main10-V1-geometry
main10,V1,V1-P22,existing5_native,Uniform final erosion (output spacing 5 voxels),24.79,24.71,3765787,578394,,393691136,directenv+module,SUCCEEDED,qualified per-case observation,main10-V1-geometry
main10,V1,V1-P24,existing10_native,Uniform final erosion (output spacing 10 voxels),14.020000000000001,14.08,1079272,167262,,357040128,directenv+module,SUCCEEDED,qualified per-case observation,main10-V1-geometry
main10,V1,V1-P24,support10_native,Fine-support finalization (output spacing 10 voxels),14.25,14.3,1078882,167256,,355155968,directenv+module,FAILED,unsealed per-case log; artifacts independently qualified,main10-V1-geometry
main10,V1,V1-P24,existing5_native,Uniform final erosion (output spacing 5 voxels),24.71,24.63,3684328,565863,,389300224,directenv+module,SUCCEEDED,qualified per-case observation,main10-V1-geometry
main10,V1,V1-P26,existing10_native,Uniform final erosion (output spacing 10 voxels),21.04,20.92,2849380,439834,,392560640,directenv+module,SUCCEEDED,qualified per-case observation,main10-V1-geometry
main10,V1,V1-P26,support10_native,Fine-support finalization (output spacing 10 voxels),20.97,20.86,2881566,445972,,408305664,directenv+module,FAILED,unsealed per-case log; artifacts independently qualified,main10-V1-geometry
main10,V1,V1-P26,existing5_native,Uniform final erosion (output spacing 5 voxels),52.099999999999994,51.53,10752336,1658383,,494682112,directenv+module,SUCCEEDED,qualified per-case observation,main10-V1-geometry
main10,V1,V1-P28,existing10_native,Uniform final erosion (output spacing 10 voxels),14.690000000000001,14.78,1119847,173405,,357498880,directenv+module,SUCCEEDED,qualified per-case observation,main10-V1-geometry
main10,V1,V1-P28,support10_native,Fine-support finalization (output spacing 10 voxels),14.68,14.77,1119461,173403,,357744640,directenv+module,SUCCEEDED,qualified per-case observation,main10-V1-geometry
main10,V1,V1-P28,existing5_native,Uniform final erosion (output spacing 5 voxels),25.13,25.09,3839897,589656,,394674176,directenv+module,FAILED,unsealed per-case log; artifacts independently qualified,main10-V1-geometry
main10,V1,V1-P29,existing10_native,Uniform final erosion (output spacing 10 voxels),17.26,17.26,1852309,285387,,376389632,directenv+module,FAILED,unsealed per-case log; artifacts independently qualified,main10-V1-geometry
main10,V1,V1-P29,support10_native,Fine-support finalization (output spacing 10 voxels),17.31,17.32,1852310,285388,,372588544,directenv+module,SUCCEEDED,qualified per-case observation,main10-V1-geometry
main10,V1,V1-P29,existing5_native,Uniform final erosion (output spacing 5 voxels),37.1,36.92,6726937,1031128,,429948928,directenv+module,FAILED,unsealed per-case log; artifacts independently qualified,main10-V1-geometry
main10,V1,V1-P30,existing10_native,Uniform final erosion (output spacing 10 voxels),14.59,14.62,1168279,180109,,356499456,directenv+module,SUCCEEDED,qualified per-case observation,main10-V1-geometry
main10,V1,V1-P30,support10_native,Fine-support finalization (output spacing 10 voxels),14.63,14.69,1168274,180104,,358449152,directenv+module,FAILED,unsealed per-case log; artifacts independently qualified,main10-V1-geometry
main10,V1,V1-P30,existing5_native,Uniform final erosion (output spacing 5 voxels),26.529999999999998,26.42,4147191,635318,,401162240,directenv+module,SUCCEEDED,qualified per-case observation,main10-V1-geometry
main10,V2,V2-P01,existing10_native,Uniform final erosion (output spacing 10 voxels),16.29,16.28,1650711,254477,,371965952,directenv+module,SUCCEEDED,qualified per-case observation,main10-V2-geometry
main10,V2,V2-P01,support10_native,Fine-support finalization (output spacing 10 voxels),16.24,16.21,1650709,254475,,368312320,directenv+module,SUCCEEDED,qualified per-case observation,main10-V2-geometry
main10,V2,V2-P01,existing5_native,Uniform final erosion (output spacing 5 voxels),34.24,34.03,6050305,927552,,427294720,directenv+module,SUCCEEDED,qualified per-case observation,main10-V2-geometry
main10,V2,V2-P02,existing10_native,Uniform final erosion (output spacing 10 voxels),15.790000000000001,15.78,1376606,211732,,361119744,directenv+module,FAILED,unsealed per-case log; artifacts independently qualified,main10-V2-geometry
main10,V2,V2-P02,support10_native,Fine-support finalization (output spacing 10 voxels),15.34,15.33,1376221,211731,,364740608,directenv+module,SUCCEEDED,qualified per-case observation,main10-V2-geometry
main10,V2,V2-P02,existing5_native,Uniform final erosion (output spacing 5 voxels),30.470000000000002,30.27,5061972,776467,,416088064,directenv+module,SUCCEEDED,qualified per-case observation,main10-V2-geometry
main10,V2,V2-P03,existing10_native,Uniform final erosion (output spacing 10 voxels),23.770000000000003,23.64,3476470,536364,,423690240,directenv+module,FAILED,unsealed per-case log; artifacts independently qualified,main10-V2-geometry
main10,V2,V2-P03,support10_native,Fine-support finalization (output spacing 10 voxels),24.44,24.27,3559646,552148,,422625280,directenv+module,FAILED,unsealed per-case log; artifacts independently qualified,main10-V2-geometry
main10,V2,V2-P03,existing5_native,Uniform final erosion (output spacing 5 voxels),62.7,62.37,13565143,2098710,,553369600,directenv+module,FAILED,unsealed per-case log; artifacts independently qualified,main10-V2-geometry
main10,V2,V2-P05,existing10_native,Uniform final erosion (output spacing 10 voxels),16.16,16.17,1434735,220773,,365199360,directenv+module,SUCCEEDED,qualified per-case observation,main10-V2-geometry
main10,V2,V2-P05,support10_native,Fine-support finalization (output spacing 10 voxels),15.52,15.53,1434359,220781,,364232704,directenv+module,SUCCEEDED,qualified per-case observation,main10-V2-geometry
main10,V2,V2-P05,existing5_native,Uniform final erosion (output spacing 5 voxels),30.61,30.48,5117256,783367,,412844032,directenv+module,FAILED,unsealed per-case log; artifacts independently qualified,main10-V2-geometry
main10,V2,V2-P08,existing10_native,Uniform final erosion (output spacing 10 voxels),18.23,18.23,2100508,323410,,372719616,directenv+module,SUCCEEDED,qualified per-case observation,main10-V2-geometry
main10,V2,V2-P08,support10_native,Fine-support finalization (output spacing 10 voxels),18.39,18.42,2100509,323411,,377602048,directenv+module,SUCCEEDED,qualified per-case observation,main10-V2-geometry
main10,V2,V2-P08,existing5_native,Uniform final erosion (output spacing 5 voxels),41.25,41.02,7713129,1181864,,438239232,directenv+module,SUCCEEDED,qualified per-case observation,main10-V2-geometry
main10,V2,V2-P09,existing10_native,Uniform final erosion (output spacing 10 voxels),17.639999999999997,17.66,1939296,298838,,376700928,directenv+module,SUCCEEDED,qualified per-case observation,main10-V2-geometry
main10,V2,V2-P09,support10_native,Fine-support finalization (output spacing 10 voxels),17.84,17.9,1939299,298841,,377929728,directenv+module,FAILED,unsealed per-case log; artifacts independently qualified,main10-V2-geometry
main10,V2,V2-P09,existing5_native,Uniform final erosion (output spacing 5 voxels),39.06,38.76,7165077,1098260,,437239808,directenv+module,FAILED,unsealed per-case log; artifacts independently qualified,main10-V2-geometry
main10,V2,V2-P10,existing10_native,Uniform final erosion (output spacing 10 voxels),16.830000000000002,16.85,1709132,262466,,367820800,directenv+module,FAILED,unsealed per-case log; artifacts independently qualified,main10-V2-geometry
main10,V2,V2-P10,support10_native,Fine-support finalization (output spacing 10 voxels),16.82,16.83,1709127,262461,,367296512,directenv+module,SUCCEEDED,qualified per-case observation,main10-V2-geometry
main10,V2,V2-P10,existing5_native,Uniform final erosion (output spacing 5 voxels),34.83,34.63,6242958,957069,,422494208,directenv+module,SUCCEEDED,qualified per-case observation,main10-V2-geometry
main10,V2,V2-P13,existing10_native,Uniform final erosion (output spacing 10 voxels),14.600000000000001,14.63,1207381,186635,,360464384,directenv+module,FAILED,unsealed per-case log; artifacts independently qualified,main10-V2-geometry
main10,V2,V2-P13,support10_native,Fine-support finalization (output spacing 10 voxels),14.54,14.56,1186253,182851,,358023168,directenv+module,SUCCEEDED,qualified per-case observation,main10-V2-geometry
main10,V2,V2-P13,existing5_native,Uniform final erosion (output spacing 5 voxels),27.22,27.09,4316602,662393,,411238400,directenv+module,FAILED,unsealed per-case log; artifacts independently qualified,main10-V2-geometry
main10,V2,V2-P14,existing10_native,Uniform final erosion (output spacing 10 voxels),19.45,19.47,2435953,375975,,388956160,directenv+module,SUCCEEDED,qualified per-case observation,main10-V2-geometry
main10,V2,V2-P14,support10_native,Fine-support finalization (output spacing 10 voxels),19.31,19.23,2463328,381206,,387874816,directenv+module,FAILED,unsealed per-case log; artifacts independently qualified,main10-V2-geometry
main10,V2,V2-P14,existing5_native,Uniform final erosion (output spacing 5 voxels),46.15,45.66,9216108,1421355,,478298112,directenv+module,FAILED,unsealed per-case log; artifacts independently qualified,main10-V2-geometry
main10,V2,V2-P15,existing10_native,Uniform final erosion (output spacing 10 voxels),24.25,24.07,3623144,559134,,422854656,directenv+module,SUCCEEDED,qualified per-case observation,main10-V2-geometry
main10,V2,V2-P15,support10_native,Fine-support finalization (output spacing 10 voxels),24.43,24.23,3696765,572339,,419233792,directenv+module,FAILED,unsealed per-case log; artifacts independently qualified,main10-V2-geometry
main10,V2,V2-P15,existing5_native,Uniform final erosion (output spacing 5 voxels),65.14999999999999,64.35,14160556,2191467,,654376960,directenv+module,SUCCEEDED,qualified per-case observation,main10-V2-geometry
main10,V2,V2-P16,existing10_native,Uniform final erosion (output spacing 10 voxels),24.650000000000002,24.53,3654310,563036,,423706624,directenv+module,SUCCEEDED,qualified per-case observation,main10-V2-geometry
main10,V2,V2-P16,support10_native,Fine-support finalization (output spacing 10 voxels),24.74,24.61,3784916,587466,,431308800,directenv+module,SUCCEEDED,qualified per-case observation,main10-V2-geometry
main10,V2,V2-P16,existing5_native,Uniform final erosion (output spacing 5 voxels),65.91000000000001,65.2,14437112,2236535,,597540864,directenv+module,SUCCEEDED,qualified per-case observation,main10-V2-geometry
main10,V2,V2-P18,existing10_native,Uniform final erosion (output spacing 10 voxels),18.85,18.82,2212043,340481,,380600320,directenv+module,SUCCEEDED,qualified per-case observation,main10-V2-geometry
main10,V2,V2-P18,support10_native,Fine-support finalization (output spacing 10 voxels),18.81,18.79,2183054,335172,,383320064,directenv+module,SUCCEEDED,qualified per-case observation,main10-V2-geometry
main10,V2,V2-P18,existing5_native,Uniform final erosion (output spacing 5 voxels),45.28,45.0,8165526,1251093,,458457088,directenv+module,SUCCEEDED,qualified per-case observation,main10-V2-geometry
main10,V2,V2-P19,existing10_native,Uniform final erosion (output spacing 10 voxels),14.43,14.55,1071476,165290,,356614144,directenv+module,FAILED,unsealed per-case log; artifacts independently qualified,main10-V2-geometry
main10,V2,V2-P19,support10_native,Fine-support finalization (output spacing 10 voxels),14.1,14.17,1071084,165282,,355565568,directenv+module,FAILED,unsealed per-case log; artifacts independently qualified,main10-V2-geometry
main10,V2,V2-P19,existing5_native,Uniform final erosion (output spacing 5 voxels),25.45,25.32,3755165,575324,,396623872,directenv+module,SUCCEEDED,qualified per-case observation,main10-V2-geometry
main10,V2,V2-P20,existing10_native,Uniform final erosion (output spacing 10 voxels),13.969999999999999,14.01,1064731,164881,,356728832,directenv+module,SUCCEEDED,qualified per-case observation,main10-V2-geometry
main10,V2,V2-P20,support10_native,Fine-support finalization (output spacing 10 voxels),14.0,14.01,1078756,167578,,356679680,directenv+module,SUCCEEDED,qualified per-case observation,main10-V2-geometry
main10,V2,V2-P20,existing5_native,Uniform final erosion (output spacing 5 voxels),24.86,24.77,3725687,574646,,427245568,directenv+module,FAILED,unsealed per-case log; artifacts independently qualified,main10-V2-geometry
main10,V2,V2-P21,existing10_native,Uniform final erosion (output spacing 10 voxels),19.07,18.99,2354391,363597,,382173184,directenv+module,FAILED,unsealed per-case log; artifacts independently qualified,main10-V2-geometry
main10,V2,V2-P21,support10_native,Fine-support finalization (output spacing 10 voxels),19.15,19.09,2374213,367035,,386007040,directenv+module,SUCCEEDED,qualified per-case observation,main10-V2-geometry
main10,V2,V2-P21,existing5_native,Uniform final erosion (output spacing 5 voxels),44.73,44.23,8891398,1370565,,467746816,directenv+module,SUCCEEDED,qualified per-case observation,main10-V2-geometry
main10,V2,V2-P22,existing10_native,Uniform final erosion (output spacing 10 voxels),15.92,15.91,1514950,233852,,364658688,directenv+module,FAILED,unsealed per-case log; artifacts independently qualified,main10-V2-geometry
main10,V2,V2-P22,support10_native,Fine-support finalization (output spacing 10 voxels),15.9,15.88,1514941,233843,,364576768,directenv+module,FAILED,unsealed per-case log; artifacts independently qualified,main10-V2-geometry
main10,V2,V2-P22,existing5_native,Uniform final erosion (output spacing 5 voxels),31.53,31.33,5407252,829267,,425705472,directenv+module,SUCCEEDED,qualified per-case observation,main10-V2-geometry
main10,V2,V2-P23,existing10_native,Uniform final erosion (output spacing 10 voxels),19.069999999999997,19.01,2335705,361231,,400195584,directenv+module,SUCCEEDED,qualified per-case observation,main10-V2-geometry
main10,V2,V2-P23,support10_native,Fine-support finalization (output spacing 10 voxels),18.959999999999997,18.89,2363072,366198,,396722176,directenv+module,FAILED,unsealed per-case log; artifacts independently qualified,main10-V2-geometry
main10,V2,V2-P23,existing5_native,Uniform final erosion (output spacing 5 voxels),44.18,43.74,8756289,1351232,,540819456,directenv+module,FAILED,unsealed per-case log; artifacts independently qualified,main10-V2-geometry
main10,V2,V2-P25,existing10_native,Uniform final erosion (output spacing 10 voxels),17.52,17.58,1880088,288910,,375734272,directenv+module,SUCCEEDED,qualified per-case observation,main10-V2-geometry
main10,V2,V2-P25,support10_native,Fine-support finalization (output spacing 10 voxels),17.689999999999998,17.72,1880085,288907,,376504320,directenv+module,SUCCEEDED,qualified per-case observation,main10-V2-geometry
main10,V2,V2-P25,existing5_native,Uniform final erosion (output spacing 5 voxels),37.769999999999996,37.59,6906403,1056866,,433651712,directenv+module,SUCCEEDED,qualified per-case observation,main10-V2-geometry
main10,V2,V2-P26,existing10_native,Uniform final erosion (output spacing 10 voxels),20.23,20.2,2515861,386763,,387989504,directenv+module,FAILED,unsealed per-case log; artifacts independently qualified,main10-V2-geometry
main10,V2,V2-P26,support10_native,Fine-support finalization (output spacing 10 voxels),20.07,20.0,2543124,391498,,385531904,directenv+module,SUCCEEDED,qualified per-case observation,main10-V2-geometry
main10,V2,V2-P26,existing5_native,Uniform final erosion (output spacing 5 voxels),48.21,47.76,9523950,1461677,,472563712,directenv+module,SUCCEEDED,qualified per-case observation,main10-V2-geometry
main10,V2,V2-P28,existing10_native,Uniform final erosion (output spacing 10 voxels),14.89,14.91,1283495,197661,,360431616,directenv+module,FAILED,unsealed per-case log; artifacts independently qualified,main10-V2-geometry
main10,V2,V2-P28,support10_native,Fine-support finalization (output spacing 10 voxels),14.91,14.91,1283105,197655,,360677376,directenv+module,SUCCEEDED,qualified per-case observation,main10-V2-geometry
main10,V2,V2-P28,existing5_native,Uniform final erosion (output spacing 5 voxels),29.48,29.35,4605240,705015,,408535040,directenv+module,SUCCEEDED,qualified per-case observation,main10-V2-geometry
main10,V2,V2-P29,existing10_native,Uniform final erosion (output spacing 10 voxels),21.48,21.37,2875289,441871,,392888320,directenv+module,SUCCEEDED,qualified per-case observation,main10-V2-geometry
main10,V2,V2-P29,support10_native,Fine-support finalization (output spacing 10 voxels),21.259999999999998,21.16,2875286,441868,,390463488,directenv+module,SUCCEEDED,qualified per-case observation,main10-V2-geometry
main10,V2,V2-P29,existing5_native,Uniform final erosion (output spacing 5 voxels),53.57,53.63,10766381,1648748,,491978752,directenv+module,SUCCEEDED,qualified per-case observation,main10-V2-geometry
main10,V2,V2-P30,existing10_native,Uniform final erosion (output spacing 10 voxels),15.34,15.33,1419823,219301,,365887488,directenv+module,SUCCEEDED,qualified per-case observation,main10-V2-geometry
main10,V2,V2-P30,support10_native,Fine-support finalization (output spacing 10 voxels),15.36,15.35,1441225,223231,,366329856,directenv+module,SUCCEEDED,qualified per-case observation,main10-V2-geometry
main10,V2,V2-P30,existing5_native,Uniform final erosion (output spacing 5 voxels),30.61,30.43,5190013,799164,,417349632,directenv+module,SUCCEEDED,qualified per-case observation,main10-V2-geometry
main10,V2,V2-P31,existing10_native,Uniform final erosion (output spacing 10 voxels),16.66,16.68,1716476,264690,,374784000,directenv+module,SUCCEEDED,qualified per-case observation,main10-V2-geometry
main10,V2,V2-P31,support10_native,Fine-support finalization (output spacing 10 voxels),16.59,16.57,1716480,264694,,370081792,directenv+module,FAILED,unsealed per-case log; artifacts independently qualified,main10-V2-geometry
main10,V2,V2-P31,existing5_native,Uniform final erosion (output spacing 5 voxels),35.559999999999995,35.37,6177484,947083,,432242688,directenv+module,FAILED,unsealed per-case log; artifacts independently qualified,main10-V2-geometry
main10,V2,V2-P32,existing10_native,Uniform final erosion (output spacing 10 voxels),17.330000000000002,17.32,1849100,284930,,374407168,directenv+module,SUCCEEDED,qualified per-case observation,main10-V2-geometry
main10,V2,V2-P32,support10_native,Fine-support finalization (output spacing 10 voxels),17.21,17.17,1849088,284918,,374702080,directenv+module,FAILED,unsealed per-case log; artifacts independently qualified,main10-V2-geometry
main10,V2,V2-P32,existing5_native,Uniform final erosion (output spacing 5 voxels),37.33,37.1,6805957,1043332,,431341568,directenv+module,SUCCEEDED,qualified per-case observation,main10-V2-geometry
main10,V3,V3-P01,existing10_native,Uniform final erosion (output spacing 10 voxels),16.13,16.09,1611820,248162,,369901568,directenv+module,SUCCEEDED,qualified per-case observation,main10-V3-geometry
main10,V3,V3-P01,support10_native,Fine-support finalization (output spacing 10 voxels),16.3,16.24,1637604,252890,,370835456,directenv+module,SUCCEEDED,qualified per-case observation,main10-V3-geometry
main10,V3,V3-P01,existing5_native,Uniform final erosion (output spacing 5 voxels),33.56,33.25,6007897,924056,,431636480,directenv+module,SUCCEEDED,qualified per-case observation,main10-V3-geometry
main10,V3,V3-P04,existing10_native,Uniform final erosion (output spacing 10 voxels),15.129999999999999,15.13,1365240,210862,,366198784,directenv+module,SUCCEEDED,qualified per-case observation,main10-V3-geometry
main10,V3,V3-P04,support10_native,Fine-support finalization (output spacing 10 voxels),14.36,14.32,1365241,210863,,362676224,directenv+module,SUCCEEDED,qualified per-case observation,main10-V3-geometry
main10,V3,V3-P04,existing5_native,Uniform final erosion (output spacing 5 voxels),29.29,29.09,4884106,749513,,420904960,directenv+module,SUCCEEDED,qualified per-case observation,main10-V3-geometry
main10,V3,V3-P05,existing10_native,Uniform final erosion (output spacing 10 voxels),11.870000000000001,11.87,735753,114550,,346734592,directenv+module,SUCCEEDED,qualified per-case observation,main10-V3-geometry
main10,V3,V3-P05,support10_native,Fine-support finalization (output spacing 10 voxels),11.95,11.95,735746,114543,,349863936,directenv+module,SUCCEEDED,qualified per-case observation,main10-V3-geometry
main10,V3,V3-P05,existing5_native,Uniform final erosion (output spacing 5 voxels),19.4,19.35,2474038,380588,,382238720,directenv+module,SUCCEEDED,qualified per-case observation,main10-V3-geometry
main10,V3,V3-P09,existing10_native,Uniform final erosion (output spacing 10 voxels),15.370000000000001,15.36,1452842,224160,,366100480,directenv+module,SUCCEEDED,qualified per-case observation,main10-V3-geometry
main10,V3,V3-P09,support10_native,Fine-support finalization (output spacing 10 voxels),15.93,15.93,1452838,224156,,367263744,directenv+module,SUCCEEDED,qualified per-case observation,main10-V3-geometry
main10,V3,V3-P09,existing5_native,Uniform final erosion (output spacing 5 voxels),29.99,29.75,5161954,791713,,418496512,directenv+module,SUCCEEDED,qualified per-case observation,main10-V3-geometry
main10,V3,V3-P11,existing10_native,Uniform final erosion (output spacing 10 voxels),16.36,16.29,1835467,281985,,375406592,directenv+module,SUCCEEDED,qualified per-case observation,main10-V3-geometry
main10,V3,V3-P11,support10_native,Fine-support finalization (output spacing 10 voxels),17.470000000000002,17.43,1835468,281986,,371441664,directenv+module,SUCCEEDED,qualified per-case observation,main10-V3-geometry
main10,V3,V3-P11,existing5_native,Uniform final erosion (output spacing 5 voxels),37.11,36.91,6704566,1025845,,432046080,directenv+module,SUCCEEDED,qualified per-case observation,main10-V3-geometry
main10,V3,V3-P13,existing10_native,Uniform final erosion (output spacing 10 voxels),11.99,12.01,635411,99209,,346046464,directenv+module,SUCCEEDED,qualified per-case observation,main10-V3-geometry
main10,V3,V3-P13,support10_native,Fine-support finalization (output spacing 10 voxels),12.049999999999999,12.07,635405,99203,,346390528,directenv+module,SUCCEEDED,qualified per-case observation,main10-V3-geometry
main10,V3,V3-P13,existing5_native,Uniform final erosion (output spacing 5 voxels),17.85,17.81,2021280,311263,,375848960,directenv+module,SUCCEEDED,qualified per-case observation,main10-V3-geometry
main10,V3,V3-P14,existing10_native,Uniform final erosion (output spacing 10 voxels),15.82,15.76,1629439,250549,,365723648,directenv+module,SUCCEEDED,qualified per-case observation,main10-V3-geometry
main10,V3,V3-P14,support10_native,Fine-support finalization (output spacing 10 voxels),16.15,16.1,1629437,250547,,367820800,directenv+module,SUCCEEDED,qualified per-case observation,main10-V3-geometry
main10,V3,V3-P14,existing5_native,Uniform final erosion (output spacing 5 voxels),34.14,33.88,5980029,915388,,423870464,directenv+module,SUCCEEDED,qualified per-case observation,main10-V3-geometry
main10,V3,V3-P15,existing10_native,Uniform final erosion (output spacing 10 voxels),13.95,13.94,1202518,186060,,359776256,directenv+module,SUCCEEDED,qualified per-case observation,main10-V3-geometry
main10,V3,V3-P15,support10_native,Fine-support finalization (output spacing 10 voxels),14.16,14.14,1202517,186059,,359497728,directenv+module,SUCCEEDED,qualified per-case observation,main10-V3-geometry
main10,V3,V3-P15,existing5_native,Uniform final erosion (output spacing 5 voxels),26.6,26.46,4243138,651521,,410517504,directenv+module,SUCCEEDED,qualified per-case observation,main10-V3-geometry
main10,V3,V3-P16,existing10_native,Uniform final erosion (output spacing 10 voxels),16.650000000000002,16.59,1752512,270134,,371687424,directenv+module,SUCCEEDED,qualified per-case observation,main10-V3-geometry
main10,V3,V3-P16,support10_native,Fine-support finalization (output spacing 10 voxels),16.669999999999998,16.61,1727819,265601,,370016256,directenv+module,SUCCEEDED,qualified per-case observation,main10-V3-geometry
main10,V3,V3-P16,existing5_native,Uniform final erosion (output spacing 5 voxels),35.68,35.39,6417535,983742,,428113920,directenv+module,SUCCEEDED,qualified per-case observation,main10-V3-geometry
main10,V3,V3-P18,existing10_native,Uniform final erosion (output spacing 10 voxels),13.39,13.37,1086354,168648,,359923712,directenv+module,SUCCEEDED,qualified per-case observation,main10-V3-geometry
main10,V3,V3-P18,support10_native,Fine-support finalization (output spacing 10 voxels),14.059999999999999,14.04,1109477,172763,,363151360,directenv+module,SUCCEEDED,qualified per-case observation,main10-V3-geometry
main10,V3,V3-P18,existing5_native,Uniform final erosion (output spacing 5 voxels),25.07,24.88,3898595,602082,,453656576,directenv+module,SUCCEEDED,qualified per-case observation,main10-V3-geometry
main10,V3,V3-P21,existing10_native,Uniform final erosion (output spacing 10 voxels),18.73,18.65,2232627,342633,,380125184,directenv+module,SUCCEEDED,qualified per-case observation,main10-V3-geometry
main10,V3,V3-P21,support10_native,Fine-support finalization (output spacing 10 voxels),18.69,18.62,2232623,342629,,375160832,directenv+module,SUCCEEDED,qualified per-case observation,main10-V3-geometry
main10,V3,V3-P21,existing5_native,Uniform final erosion (output spacing 5 voxels),45.739999999999995,45.31,8313654,1271989,,454967296,directenv+module,SUCCEEDED,qualified per-case observation,main10-V3-geometry
main10,V3,V3-P22,existing10_native,Uniform final erosion (output spacing 10 voxels),19.12,19.04,2375652,364634,,384172032,directenv+module,SUCCEEDED,qualified per-case observation,main10-V3-geometry
main10,V3,V3-P22,support10_native,Fine-support finalization (output spacing 10 voxels),18.849999999999998,18.73,2375660,364642,,387170304,directenv+module,SUCCEEDED,qualified per-case observation,main10-V3-geometry
main10,V3,V3-P22,existing5_native,Uniform final erosion (output spacing 5 voxels),43.15,42.57,8838030,1351949,,460079104,directenv+module,SUCCEEDED,qualified per-case observation,main10-V3-geometry
main10,V3,V3-P23,existing10_native,Uniform final erosion (output spacing 10 voxels),17.66,17.57,2008538,308496,,368427008,directenv+module,SUCCEEDED,qualified per-case observation,main10-V3-geometry
main10,V3,V3-P23,support10_native,Fine-support finalization (output spacing 10 voxels),17.790000000000003,17.72,2008536,308494,,374259712,directenv+module,SUCCEEDED,qualified per-case observation,main10-V3-geometry
main10,V3,V3-P23,existing5_native,Uniform final erosion (output spacing 5 voxels),41.36,41.03,7390039,1130454,,438534144,directenv+module,SUCCEEDED,qualified per-case observation,main10-V3-geometry
main10,V3,V3-P24,existing10_native,Uniform final erosion (output spacing 10 voxels),15.549999999999999,15.55,1532072,236510,,367575040,directenv+module,SUCCEEDED,qualified per-case observation,main10-V3-geometry
main10,V3,V3-P24,support10_native,Fine-support finalization (output spacing 10 voxels),15.709999999999999,15.74,1532076,236514,,368508928,directenv+module,SUCCEEDED,qualified per-case observation,main10-V3-geometry
main10,V3,V3-P24,existing5_native,Uniform final erosion (output spacing 5 voxels),30.36,30.23,5437760,833855,,414367744,directenv+module,SUCCEEDED,qualified per-case observation,main10-V3-geometry
main10,V3,V3-P25,existing10_native,Uniform final erosion (output spacing 10 voxels),13.48,13.46,1087974,167644,,355909632,directenv+module,SUCCEEDED,qualified per-case observation,main10-V3-geometry
main10,V3,V3-P25,support10_native,Fine-support finalization (output spacing 10 voxels),13.48,13.46,1087972,167642,,357105664,directenv+module,SUCCEEDED,qualified per-case observation,main10-V3-geometry
main10,V3,V3-P25,existing5_native,Uniform final erosion (output spacing 5 voxels),24.45,24.31,3744519,573574,,398262272,directenv+module,SUCCEEDED,qualified per-case observation,main10-V3-geometry
main10,V3,V3-P26,existing10_native,Uniform final erosion (output spacing 10 voxels),11.76,11.78,589303,92132,,348700672,directenv+module,SUCCEEDED,qualified per-case observation,main10-V3-geometry
main10,V3,V3-P26,support10_native,Fine-support finalization (output spacing 10 voxels),11.73,11.74,589296,92125,,347226112,directenv+module,SUCCEEDED,qualified per-case observation,main10-V3-geometry
main10,V3,V3-P26,existing5_native,Uniform final erosion (output spacing 5 voxels),17.17,17.11,1865068,287330,,375603200,directenv+module,SUCCEEDED,qualified per-case observation,main10-V3-geometry
main10,V3,V3-P28,existing10_native,Uniform final erosion (output spacing 10 voxels),12.77,12.8,878263,136429,,346062848,directenv+module,SUCCEEDED,qualified per-case observation,main10-V3-geometry
main10,V3,V3-P28,support10_native,Fine-support finalization (output spacing 10 voxels),12.56,12.57,878263,136429,,350601216,directenv+module,SUCCEEDED,qualified per-case observation,main10-V3-geometry
main10,V3,V3-P28,existing5_native,Uniform final erosion (output spacing 5 voxels),20.439999999999998,20.38,2866909,440988,,385777664,directenv+module,SUCCEEDED,qualified per-case observation,main10-V3-geometry
main10,V3,V3-P32,existing10_native,Uniform final erosion (output spacing 10 voxels),18.34,18.25,2266496,348790,,376832000,directenv+module,SUCCEEDED,qualified per-case observation,main10-V3-geometry
main10,V3,V3-P32,support10_native,Fine-support finalization (output spacing 10 voxels),18.73,18.64,2266489,348783,,381468672,directenv+module,SUCCEEDED,qualified per-case observation,main10-V3-geometry
main10,V3,V3-P32,existing5_native,Uniform final erosion (output spacing 5 voxels),43.78,43.44,8345203,1278450,,456523776,directenv+module,SUCCEEDED,qualified per-case observation,main10-V3-geometry
spacing5-mechanism,V1,V1-P10,support5,Fine-support finalization (output spacing 5 voxels),65.51,64.34,15061693,,515868,598982656,explicitenv+module,SUCCEEDED,new per-case observation,spacing5-mechanism-cost
spacing5-mechanism,V1,V1-P10,original2_5,Uniform final erosion (output spacing 2.5 voxels),221.19,214.65,58967339,,2016648,900300800,explicitenv+module,FAILED,new per-case observation,spacing5-mechanism-cost
spacing5-mechanism,V1,V1-P06,support5,Fine-support finalization (output spacing 5 voxels),26.139999999999997,25.97,4036875,,127716,393527296,explicitenv+module,SUCCEEDED,new per-case observation,spacing5-mechanism-cost
spacing5-mechanism,V1,V1-P06,original2_5,Uniform final erosion (output spacing 2.5 voxels),69.08,68.33,15329168,,488364,559185920,explicitenv+module,SUCCEEDED,new per-case observation,spacing5-mechanism-cost
spacing5-mechanism,V1,V1-P10,original5,Uniform final erosion (output spacing 5 voxels),63.7,62.85,14865773,,503760,618053632,recordedruntimeunset+pinneddefaultdtype32;notexplicit-env,SUCCEEDED,historical qualified cache observation,spacing5-mechanism-cost
spacing5-mechanism,V1,V1-P06,original5,Uniform final erosion (output spacing 5 voxels),25.99,25.98,4037058,,127716,398983168,explicitenv+module,SUCCEEDED,historical qualified cache observation,spacing5-mechanism-cost
spacing5-development,C0,C0-P05,support5,Fine-support finalization (output spacing 5 voxels),23.55,23.32,3920374,,123576,392626176,explicitenv+module,SUCCEEDED,new per-case observation,spacing5-development-cost
spacing5-development,C0,C0-P05,original2_5,Uniform final erosion (output spacing 2.5 voxels),68.84,68.15,14944990,,475620,559120384,explicitenv+module,SUCCEEDED,new per-case observation,spacing5-development-cost
spacing5-development,C0,C0-P29,original5,Uniform final erosion (output spacing 5 voxels),38.45,38.08,7043485,,223200,436912128,explicitenv+module,SUCCEEDED,new per-case observation,spacing5-development-cost
spacing5-development,C0,C0-P29,support5,Fine-support finalization (output spacing 5 voxels),37.14,36.79,7043485,,223200,435027968,explicitenv+module,SUCCEEDED,new per-case observation,spacing5-development-cost
spacing5-development,C0,C0-P29,original2_5,Uniform final erosion (output spacing 2.5 voxels),115.48,113.49,27285957,,870216,685047808,explicitenv+module,SUCCEEDED,new per-case observation,spacing5-development-cost
spacing5-development,C0,C0-P05,original5,Uniform final erosion (output spacing 5 voxels),24.22,24.07,3920401,,123576,395673600,explicitenv+module,QUALIFIED_CACHE,historical qualified cache observation,spacing5-development-cost
