study,region,case,arm,status,source_id,arm_label
main10,V1,V1-P11,existing10_native,NO_CONSUMER_INPUT,main10-V1-geometry,Uniform final erosion (output spacing 10 voxels)
main10,V1,V1-P11,support10_native,NO_CONSUMER_INPUT,main10-V1-geometry,Fine-support finalization (output spacing 10 voxels)
main10,V1,V1-P11,existing5_native,NO_CONSUMER_INPUT,main10-V1-geometry,Uniform final erosion (output spacing 5 voxels)
main10,V1,V1-P12,existing10_native,NO_CONSUMER_INPUT,main10-V1-geometry,Uniform final erosion (output spacing 10 voxels)
main10,V1,V1-P12,support10_native,NO_CONSUMER_INPUT,main10-V1-geometry,Fine-support finalization (output spacing 10 voxels)
main10,V1,V1-P12,existing5_native,NO_CONSUMER_INPUT,main10-V1-geometry,Uniform final erosion (output spacing 5 voxels)
main10,V1,V1-P13,existing10_native,NO_CONSUMER_INPUT,main10-V1-geometry,Uniform final erosion (output spacing 10 voxels)
main10,V1,V1-P13,support10_native,NO_CONSUMER_INPUT,main10-V1-geometry,Fine-support finalization (output spacing 10 voxels)
main10,V1,V1-P13,existing5_native,NO_CONSUMER_INPUT,main10-V1-geometry,Uniform final erosion (output spacing 5 voxels)
main10,V1,V1-P17,existing10_native,NO_CONSUMER_INPUT,main10-V1-geometry,Uniform final erosion (output spacing 10 voxels)
main10,V1,V1-P17,support10_native,NO_CONSUMER_INPUT,main10-V1-geometry,Fine-support finalization (output spacing 10 voxels)
main10,V1,V1-P17,existing5_native,NO_CONSUMER_INPUT,main10-V1-geometry,Uniform final erosion (output spacing 5 voxels)
main10,V1,V1-P23,existing10_native,NO_CONSUMER_INPUT,main10-V1-geometry,Uniform final erosion (output spacing 10 voxels)
main10,V1,V1-P23,support10_native,NO_CONSUMER_INPUT,main10-V1-geometry,Fine-support finalization (output spacing 10 voxels)
main10,V1,V1-P23,existing5_native,NO_CONSUMER_INPUT,main10-V1-geometry,Uniform final erosion (output spacing 5 voxels)
main10,V1,V1-P25,existing10_native,NO_CONSUMER_INPUT,main10-V1-geometry,Uniform final erosion (output spacing 10 voxels)
main10,V1,V1-P25,support10_native,NO_CONSUMER_INPUT,main10-V1-geometry,Fine-support finalization (output spacing 10 voxels)
main10,V1,V1-P25,existing5_native,NO_CONSUMER_INPUT,main10-V1-geometry,Uniform final erosion (output spacing 5 voxels)
main10,V1,V1-P27,existing10_native,NO_CONSUMER_INPUT,main10-V1-geometry,Uniform final erosion (output spacing 10 voxels)
main10,V1,V1-P27,support10_native,NO_CONSUMER_INPUT,main10-V1-geometry,Fine-support finalization (output spacing 10 voxels)
main10,V1,V1-P27,existing5_native,NO_CONSUMER_INPUT,main10-V1-geometry,Uniform final erosion (output spacing 5 voxels)
main10,V1,V1-P31,existing10_native,NO_CONSUMER_INPUT,main10-V1-geometry,Uniform final erosion (output spacing 10 voxels)
main10,V1,V1-P31,support10_native,NO_CONSUMER_INPUT,main10-V1-geometry,Fine-support finalization (output spacing 10 voxels)
main10,V1,V1-P31,existing5_native,NO_CONSUMER_INPUT,main10-V1-geometry,Uniform final erosion (output spacing 5 voxels)
main10,V1,V1-P32,existing10_native,NO_CONSUMER_INPUT,main10-V1-geometry,Uniform final erosion (output spacing 10 voxels)
main10,V1,V1-P32,support10_native,NO_CONSUMER_INPUT,main10-V1-geometry,Fine-support finalization (output spacing 10 voxels)
main10,V1,V1-P32,existing5_native,NO_CONSUMER_INPUT,main10-V1-geometry,Uniform final erosion (output spacing 5 voxels)
main10,V2,V2-P04,existing10_native,NO_CONSUMER_INPUT,main10-V2-geometry,Uniform final erosion (output spacing 10 voxels)
main10,V2,V2-P04,support10_native,NO_CONSUMER_INPUT,main10-V2-geometry,Fine-support finalization (output spacing 10 voxels)
main10,V2,V2-P04,existing5_native,NO_CONSUMER_INPUT,main10-V2-geometry,Uniform final erosion (output spacing 5 voxels)
main10,V2,V2-P06,existing10_native,NO_CONSUMER_INPUT,main10-V2-geometry,Uniform final erosion (output spacing 10 voxels)
main10,V2,V2-P06,support10_native,NO_CONSUMER_INPUT,main10-V2-geometry,Fine-support finalization (output spacing 10 voxels)
main10,V2,V2-P06,existing5_native,NO_CONSUMER_INPUT,main10-V2-geometry,Uniform final erosion (output spacing 5 voxels)
main10,V2,V2-P07,existing10_native,NO_CONSUMER_INPUT,main10-V2-geometry,Uniform final erosion (output spacing 10 voxels)
main10,V2,V2-P07,support10_native,NO_CONSUMER_INPUT,main10-V2-geometry,Fine-support finalization (output spacing 10 voxels)
main10,V2,V2-P07,existing5_native,NO_CONSUMER_INPUT,main10-V2-geometry,Uniform final erosion (output spacing 5 voxels)
main10,V2,V2-P11,existing10_native,NO_CONSUMER_INPUT,main10-V2-geometry,Uniform final erosion (output spacing 10 voxels)
main10,V2,V2-P11,support10_native,NO_CONSUMER_INPUT,main10-V2-geometry,Fine-support finalization (output spacing 10 voxels)
main10,V2,V2-P11,existing5_native,NO_CONSUMER_INPUT,main10-V2-geometry,Uniform final erosion (output spacing 5 voxels)
main10,V2,V2-P12,existing10_native,NO_CONSUMER_INPUT,main10-V2-geometry,Uniform final erosion (output spacing 10 voxels)
main10,V2,V2-P12,support10_native,NO_CONSUMER_INPUT,main10-V2-geometry,Fine-support finalization (output spacing 10 voxels)
main10,V2,V2-P12,existing5_native,NO_CONSUMER_INPUT,main10-V2-geometry,Uniform final erosion (output spacing 5 voxels)
main10,V2,V2-P17,existing10_native,NO_CONSUMER_INPUT,main10-V2-geometry,Uniform final erosion (output spacing 10 voxels)
main10,V2,V2-P17,support10_native,NO_CONSUMER_INPUT,main10-V2-geometry,Fine-support finalization (output spacing 10 voxels)
main10,V2,V2-P17,existing5_native,NO_CONSUMER_INPUT,main10-V2-geometry,Uniform final erosion (output spacing 5 voxels)
main10,V2,V2-P24,existing10_native,NO_CONSUMER_INPUT,main10-V2-geometry,Uniform final erosion (output spacing 10 voxels)
main10,V2,V2-P24,support10_native,NO_CONSUMER_INPUT,main10-V2-geometry,Fine-support finalization (output spacing 10 voxels)
main10,V2,V2-P24,existing5_native,NO_CONSUMER_INPUT,main10-V2-geometry,Uniform final erosion (output spacing 5 voxels)
main10,V2,V2-P27,existing10_native,NO_CONSUMER_INPUT,main10-V2-geometry,Uniform final erosion (output spacing 10 voxels)
main10,V2,V2-P27,support10_native,NO_CONSUMER_INPUT,main10-V2-geometry,Fine-support finalization (output spacing 10 voxels)
main10,V2,V2-P27,existing5_native,NO_CONSUMER_INPUT,main10-V2-geometry,Uniform final erosion (output spacing 5 voxels)
main10,V3,V3-P02,existing10_native,COMMON_FRONT_FAILED,main10-V3-geometry,Uniform final erosion (output spacing 10 voxels)
main10,V3,V3-P02,support10_native,COMMON_FRONT_FAILED,main10-V3-geometry,Fine-support finalization (output spacing 10 voxels)
main10,V3,V3-P02,existing5_native,COMMON_FRONT_FAILED,main10-V3-geometry,Uniform final erosion (output spacing 5 voxels)
main10,V3,V3-P03,existing10_native,COMMON_FRONT_FAILED,main10-V3-geometry,Uniform final erosion (output spacing 10 voxels)
main10,V3,V3-P03,support10_native,COMMON_FRONT_FAILED,main10-V3-geometry,Fine-support finalization (output spacing 10 voxels)
main10,V3,V3-P03,existing5_native,COMMON_FRONT_FAILED,main10-V3-geometry,Uniform final erosion (output spacing 5 voxels)
main10,V3,V3-P06,existing10_native,COMMON_FRONT_FAILED,main10-V3-geometry,Uniform final erosion (output spacing 10 voxels)
main10,V3,V3-P06,support10_native,COMMON_FRONT_FAILED,main10-V3-geometry,Fine-support finalization (output spacing 10 voxels)
main10,V3,V3-P06,existing5_native,COMMON_FRONT_FAILED,main10-V3-geometry,Uniform final erosion (output spacing 5 voxels)
main10,V3,V3-P07,existing10_native,COMMON_FRONT_FAILED,main10-V3-geometry,Uniform final erosion (output spacing 10 voxels)
main10,V3,V3-P07,support10_native,COMMON_FRONT_FAILED,main10-V3-geometry,Fine-support finalization (output spacing 10 voxels)
main10,V3,V3-P07,existing5_native,COMMON_FRONT_FAILED,main10-V3-geometry,Uniform final erosion (output spacing 5 voxels)
main10,V3,V3-P08,existing10_native,COMMON_FRONT_FAILED,main10-V3-geometry,Uniform final erosion (output spacing 10 voxels)
main10,V3,V3-P08,support10_native,COMMON_FRONT_FAILED,main10-V3-geometry,Fine-support finalization (output spacing 10 voxels)
main10,V3,V3-P08,existing5_native,COMMON_FRONT_FAILED,main10-V3-geometry,Uniform final erosion (output spacing 5 voxels)
main10,V3,V3-P10,existing10_native,COMMON_FRONT_FAILED,main10-V3-geometry,Uniform final erosion (output spacing 10 voxels)
main10,V3,V3-P10,support10_native,COMMON_FRONT_FAILED,main10-V3-geometry,Fine-support finalization (output spacing 10 voxels)
main10,V3,V3-P10,existing5_native,COMMON_FRONT_FAILED,main10-V3-geometry,Uniform final erosion (output spacing 5 voxels)
main10,V3,V3-P12,existing10_native,POSTFRONT_FAILED,main10-V3-geometry,Uniform final erosion (output spacing 10 voxels)
main10,V3,V3-P12,support10_native,POSTFRONT_FAILED,main10-V3-geometry,Fine-support finalization (output spacing 10 voxels)
main10,V3,V3-P12,existing5_native,POSTFRONT_FAILED,main10-V3-geometry,Uniform final erosion (output spacing 5 voxels)
main10,V3,V3-P17,existing10_native,POSTFRONT_FAILED,main10-V3-geometry,Uniform final erosion (output spacing 10 voxels)
main10,V3,V3-P17,support10_native,POSTFRONT_FAILED,main10-V3-geometry,Fine-support finalization (output spacing 10 voxels)
main10,V3,V3-P17,existing5_native,POSTFRONT_FAILED,main10-V3-geometry,Uniform final erosion (output spacing 5 voxels)
main10,V3,V3-P19,existing10_native,COMMON_FRONT_FAILED,main10-V3-geometry,Uniform final erosion (output spacing 10 voxels)
main10,V3,V3-P19,support10_native,COMMON_FRONT_FAILED,main10-V3-geometry,Fine-support finalization (output spacing 10 voxels)
main10,V3,V3-P19,existing5_native,COMMON_FRONT_FAILED,main10-V3-geometry,Uniform final erosion (output spacing 5 voxels)
main10,V3,V3-P20,existing10_native,COMMON_FRONT_FAILED,main10-V3-geometry,Uniform final erosion (output spacing 10 voxels)
main10,V3,V3-P20,support10_native,COMMON_FRONT_FAILED,main10-V3-geometry,Fine-support finalization (output spacing 10 voxels)
main10,V3,V3-P20,existing5_native,COMMON_FRONT_FAILED,main10-V3-geometry,Uniform final erosion (output spacing 5 voxels)
main10,V3,V3-P27,existing10_native,COMMON_FRONT_FAILED,main10-V3-geometry,Uniform final erosion (output spacing 10 voxels)
main10,V3,V3-P27,support10_native,COMMON_FRONT_FAILED,main10-V3-geometry,Fine-support finalization (output spacing 10 voxels)
main10,V3,V3-P27,existing5_native,COMMON_FRONT_FAILED,main10-V3-geometry,Uniform final erosion (output spacing 5 voxels)
main10,V3,V3-P29,existing10_native,COMMON_FRONT_FAILED,main10-V3-geometry,Uniform final erosion (output spacing 10 voxels)
main10,V3,V3-P29,support10_native,COMMON_FRONT_FAILED,main10-V3-geometry,Fine-support finalization (output spacing 10 voxels)
main10,V3,V3-P29,existing5_native,COMMON_FRONT_FAILED,main10-V3-geometry,Uniform final erosion (output spacing 5 voxels)
main10,V3,V3-P30,existing10_native,COMMON_FRONT_FAILED,main10-V3-geometry,Uniform final erosion (output spacing 10 voxels)
main10,V3,V3-P30,support10_native,COMMON_FRONT_FAILED,main10-V3-geometry,Fine-support finalization (output spacing 10 voxels)
main10,V3,V3-P30,existing5_native,COMMON_FRONT_FAILED,main10-V3-geometry,Uniform final erosion (output spacing 5 voxels)
main10,V3,V3-P31,existing10_native,COMMON_FRONT_FAILED,main10-V3-geometry,Uniform final erosion (output spacing 10 voxels)
main10,V3,V3-P31,support10_native,COMMON_FRONT_FAILED,main10-V3-geometry,Fine-support finalization (output spacing 10 voxels)
main10,V3,V3-P31,existing5_native,COMMON_FRONT_FAILED,main10-V3-geometry,Uniform final erosion (output spacing 5 voxels)
