study,case,baseline_label,candidate_label,fixed_original_area_mm2,paired_area_mm2,paired_quads,original_mean,support_mean,paired_delta_mean,original_median,support_median,original_p90,support_p90,original_p95,support_p95,original_ineligible_mm2,support_ineligible_mm2,source_id
main10-common65,V1-P01,Uniform final erosion (output spacing 10 voxels),Fine-support finalization (output spacing 10 voxels),0.8937653763193824,0.8937653763193824,97,3.992063044697558e-06,6.159845965347937e-06,2.167782920650379e-06,9.5367431640625e-07,2.86102294921875e-06,1.239776611328125e-05,1.5735626220703125e-05,2.09808349609375e-05,2.6702880859375e-05,0.0,0.0,main10-common65
main10-common65,V1-P02,Uniform final erosion (output spacing 10 voxels),Fine-support finalization (output spacing 10 voxels),3.7274324619404626,3.7274324619404626,404,3.4649761471936904e-05,4.847897927812122e-05,1.3829217806184317e-05,1.9073486328125e-05,2.9087066650390625e-05,9.632110595703125e-05,0.0001239776611328125,0.00012445449829101562,0.00015687942504882812,0.0,0.0,main10-common65
main10-common65,V1-P03,Uniform final erosion (output spacing 10 voxels),Fine-support finalization (output spacing 10 voxels),6.335746669323784,6.335746669323784,687,4.5395749537745064e-05,6.35693636867833e-05,1.8173614149038232e-05,2.6226043701171875e-05,3.9577484130859375e-05,0.0001125335693359375,0.0001583099365234375,0.0001583099365234375,0.00020933151245117188,0.0,0.0,main10-common65
main10-common65,V1-P04,Uniform final erosion (output spacing 10 voxels),Fine-support finalization (output spacing 10 voxels),22.465798398601226,22.465798398601226,2442,9.901260834640181e-05,0.00011086244362090035,1.1849835274498527e-05,6.771087646484375e-05,8.058547973632812e-05,0.00021648406982421875,0.00024175643920898438,0.00030517578125,0.00033092498779296875,0.0,0.0,main10-common65
main10-common65,V1-P05,Uniform final erosion (output spacing 10 voxels),Fine-support finalization (output spacing 10 voxels),16.25279621288006,16.25279621288006,1765,4.8252566715404664e-05,5.2267250078093656e-05,4.0146833626889955e-06,3.0994415283203125e-05,3.62396240234375e-05,0.0001068115234375,0.00011157989501953125,0.00015878677368164062,0.00015354156494140625,0.0,0.0,main10-common65
main10-common65,V1-P06,Uniform final erosion (output spacing 10 voxels),Fine-support finalization (output spacing 10 voxels),1.0068739878118802,1.0068739878118802,109,7.194812835944482e-06,8.803754815338746e-06,1.6089419793942624e-06,4.76837158203125e-07,9.5367431640625e-07,2.3365020751953125e-05,2.5272369384765625e-05,3.5762786865234375e-05,3.0517578125e-05,0.0,0.0,main10-common65
main10-common65,V1-P07,Uniform final erosion (output spacing 10 voxels),Fine-support finalization (output spacing 10 voxels),6.76478500210544,6.76478500210544,734,1.4682059168408535e-05,2.0373560755714876e-05,5.691501587306336e-06,4.76837158203125e-06,8.106231689453125e-06,3.8623809814453125e-05,5.14984130859375e-05,5.91278076171875e-05,8.106231689453125e-05,0.0,0.0,main10-common65
main10-common65,V1-P08,Uniform final erosion (output spacing 10 voxels),Fine-support finalization (output spacing 10 voxels),18.652698915728593,18.652698915728593,2025,3.121637537397673e-05,3.5357955717691585e-05,4.141580343714855e-06,1.5735626220703125e-05,1.8596649169921875e-05,7.534027099609375e-05,8.392333984375e-05,0.00011348724365234375,0.0001239776611328125,0.0,0.0,main10-common65
main10-common65,V1-P09,Uniform final erosion (output spacing 10 voxels),Fine-support finalization (output spacing 10 voxels),12.267350282891524,12.267350282891524,1333,7.354889701189732e-05,8.072132751129512e-05,7.172430499397803e-06,3.24249267578125e-05,3.9577484130859375e-05,0.00020122528076171875,0.00021982192993164062,0.0002884864807128906,0.00030994415283203125,0.0,0.0,main10-common65
main10-common65,V1-P10,Uniform final erosion (output spacing 10 voxels),Fine-support finalization (output spacing 10 voxels),37.534372868182835,37.534372868182835,4076,0.00012067558112110492,0.00012728589811538977,6.610316994284856e-06,6.961822509765625e-05,7.534027099609375e-05,0.0002894401550292969,0.00030612945556640625,0.00040721893310546875,0.00041294097900390625,0.0,0.0,main10-common65
main10-common65,V1-P14,Uniform final erosion (output spacing 10 voxels),Fine-support finalization (output spacing 10 voxels),0.9731885597614041,0.9731885597614041,105,1.5543302263430143e-05,2.689035438196704e-05,1.1347052118536898e-05,5.245208740234375e-06,1.5735626220703125e-05,4.8160552978515625e-05,6.437301635742188e-05,6.580352783203125e-05,9.1552734375e-05,0.0,0.0,main10-common65
main10-common65,V1-P15,Uniform final erosion (output spacing 10 voxels),Fine-support finalization (output spacing 10 voxels),8.213544248213454,8.213544248213454,893,5.1994071753610036e-05,6.508858522317166e-05,1.3094513469561614e-05,2.765655517578125e-05,3.7670135498046875e-05,0.00013256072998046875,0.00016832351684570312,0.00019407272338867188,0.00021886825561523438,0.0,0.0,main10-common65
main10-common65,V1-P16,Uniform final erosion (output spacing 10 voxels),Fine-support finalization (output spacing 10 voxels),13.378415996190851,13.378415996190851,1453,1.899318495308213e-05,2.1628095504808045e-05,2.634910551725913e-06,8.106231689453125e-06,1.0013580322265625e-05,5.054473876953125e-05,5.5789947509765625e-05,7.152557373046875e-05,8.153915405273438e-05,0.0,0.0,main10-common65
main10-common65,V1-P18,Uniform final erosion (output spacing 10 voxels),Fine-support finalization (output spacing 10 voxels),11.044234579281913,11.044234579281913,1198,4.2456398626078755e-05,5.0286301623458895e-05,7.829902997380143e-06,1.811981201171875e-05,2.384185791015625e-05,0.00010776519775390625,0.00012826919555664062,0.00016880035400390625,0.00020313262939453125,0.0,0.0,main10-common65
main10-common65,V1-P19,Uniform final erosion (output spacing 10 voxels),Fine-support finalization (output spacing 10 voxels),16.039677598119898,16.039677598119898,1741,0.0004078440997657902,0.00043072953557358865,2.288543580779849e-05,0.00018405914306640625,0.00022029876708984375,0.0010223388671875,0.0010771751403808594,0.0014190673828125,0.0015110969543457031,0.0,0.0,main10-common65
main10-common65,V1-P20,Uniform final erosion (output spacing 10 voxels),Fine-support finalization (output spacing 10 voxels),38.42060802883739,38.42060802883739,4169,0.0001302209709926973,0.00014403168173469347,1.3810710741996154e-05,5.8650970458984375e-05,6.771087646484375e-05,0.000293731689453125,0.0003514289855957031,0.0004968643188476562,0.0005645751953125,0.0,0.0,main10-common65
main10-common65,V1-P21,Uniform final erosion (output spacing 10 voxels),Fine-support finalization (output spacing 10 voxels),4.720011824774882,4.720011824774882,510,7.36921115492913e-05,9.334722175612064e-05,1.9655110206829327e-05,3.719329833984375e-05,5.245208740234375e-05,0.00016117095947265625,0.00022983551025390625,0.0002593994140625,0.00033283233642578125,0.0,0.0,main10-common65
main10-common65,V1-P22,Uniform final erosion (output spacing 10 voxels),Fine-support finalization (output spacing 10 voxels),1.3660991621584182,1.3660991621584182,148,2.261431926769586e-05,3.2536600671129327e-05,9.922281403433464e-06,6.67572021484375e-06,1.9073486328125e-05,6.67572021484375e-05,8.487701416015625e-05,8.96453857421875e-05,0.00011920928955078125,0.0,0.0,main10-common65
main10-common65,V1-P24,Uniform final erosion (output spacing 10 voxels),Fine-support finalization (output spacing 10 voxels),1.9106241789738287,1.9106241789738287,207,1.7683378655825045e-05,2.7252416369832173e-05,9.569037714007133e-06,9.5367431640625e-07,2.86102294921875e-06,5.5789947509765625e-05,8.487701416015625e-05,9.202957153320312e-05,0.00013875961303710938,0.0,0.0,main10-common65
main10-common65,V1-P26,Uniform final erosion (output spacing 10 voxels),Fine-support finalization (output spacing 10 voxels),17.633025063008876,17.633025063008876,1913,0.000148468402525577,0.00017335251148662897,2.4884108961051937e-05,8.630752563476562e-05,9.822845458984375e-05,0.0003542900085449219,0.0004062652587890625,0.0005221366882324219,0.0005903244018554688,0.0,0.0,main10-common65
main10-common65,V1-P28,Uniform final erosion (output spacing 10 voxels),Fine-support finalization (output spacing 10 voxels),0.5449709569268667,0.5449709569268667,59,-1.616752876691539e-08,5.220580583703241e-07,5.382255871372395e-07,0.0,0.0,0.0,1.9073486328125e-06,4.76837158203125e-07,2.86102294921875e-06,0.0,0.0,main10-common65
main10-common65,V1-P29,Uniform final erosion (output spacing 10 voxels),Fine-support finalization (output spacing 10 voxels),3.773835981842634,3.773835981842634,409,1.365258666713978e-05,1.835559976227493e-05,4.703013095135147e-06,7.62939453125e-06,1.1444091796875e-05,3.4332275390625e-05,4.4345855712890625e-05,4.3392181396484375e-05,5.91278076171875e-05,0.0,0.0,main10-common65
main10-common65,V1-P30,Uniform final erosion (output spacing 10 voxels),Fine-support finalization (output spacing 10 voxels),3.8350843864297404,3.8350843864297404,418,0.0001090967508659192,0.0001756879742563647,6.65912233904455e-05,4.863739013671875e-05,9.34600830078125e-05,0.0003070831298828125,0.0004425048828125,0.000396728515625,0.0006160736083984375,0.0,0.0,main10-common65
main10-common65,V2-P01,Uniform final erosion (output spacing 10 voxels),Fine-support finalization (output spacing 10 voxels),7.437163506374278,7.437163506374278,806,6.659339186211375e-05,7.923520587521272e-05,1.2641814013098966e-05,4.673004150390625e-05,6.103515625e-05,0.00015020370483398438,0.00017976760864257812,0.00019407272338867188,0.00021648406982421875,0.0,0.0,main10-common65
main10-common65,V2-P02,Uniform final erosion (output spacing 10 voxels),Fine-support finalization (output spacing 10 voxels),7.935763032232881,7.935763032232881,861,4.045803073001188e-05,4.643561676489774e-05,5.977586034885857e-06,2.9087066650390625e-05,3.4809112548828125e-05,8.58306884765625e-05,9.298324584960938e-05,0.00011777877807617188,0.00012063980102539062,0.0,0.0,main10-common65
main10-common65,V2-P03,Uniform final erosion (output spacing 10 voxels),Fine-support finalization (output spacing 10 voxels),32.90071293423302,32.90071293423302,3578,0.00023727930885623065,0.00024994030055577415,1.2660991699543456e-05,9.72747802734375e-05,0.00010538101196289062,0.0007066726684570312,0.0007109642028808594,0.000972747802734375,0.0010166168212890625,0.0,0.0,main10-common65
main10-common65,V2-P05,Uniform final erosion (output spacing 10 voxels),Fine-support finalization (output spacing 10 voxels),3.579690297458759,3.579690297458759,389,8.059810094192211e-06,1.3254618458601138e-05,5.194808364408929e-06,3.337860107421875e-06,5.7220458984375e-06,1.71661376953125e-05,2.8133392333984375e-05,3.528594970703125e-05,5.340576171875e-05,0.0,0.0,main10-common65
main10-common65,V2-P08,Uniform final erosion (output spacing 10 voxels),Fine-support finalization (output spacing 10 voxels),8.455291723511403,8.455291723511403,915,0.0001927904049605522,0.00020918831213884474,1.639790717829253e-05,9.441375732421875e-05,0.00011587142944335938,0.000461578369140625,0.0005002021789550781,0.0007619857788085938,0.0008196830749511719,0.0,0.0,main10-common65
main10-common65,V2-P09,Uniform final erosion (output spacing 10 voxels),Fine-support finalization (output spacing 10 voxels),9.618109473903923,9.618109473903923,1038,0.0002464328978179521,0.0002748595774674229,2.842667964947079e-05,0.00012302398681640625,0.00015163421630859375,0.0006914138793945312,0.0007228851318359375,0.0009632110595703125,0.0009894371032714844,0.0,0.0,main10-common65
main10-common65,V2-P10,Uniform final erosion (output spacing 10 voxels),Fine-support finalization (output spacing 10 voxels),7.438662310380696,7.438662310380696,807,0.0002444276318542342,0.00034444701734767994,0.0001000193854934457,9.679794311523438e-05,0.00016260147094726562,0.0006327629089355469,0.0009260177612304688,0.00098419189453125,0.0012578964233398438,0.0,0.0,main10-common65
main10-common65,V2-P13,Uniform final erosion (output spacing 10 voxels),Fine-support finalization (output spacing 10 voxels),4.600286826745772,4.600286826745772,499,0.00021403541158335128,0.0002218236175561136,7.788205972762377e-06,9.250640869140625e-05,9.632110595703125e-05,0.0004830360412597656,0.000499725341796875,0.0007138252258300781,0.0007076263427734375,0.0,0.0,main10-common65
main10-common65,V2-P14,Uniform final erosion (output spacing 10 voxels),Fine-support finalization (output spacing 10 voxels),14.587730438080431,14.587730438080431,1581,4.7903429073664835e-05,5.679582484844048e-05,8.892395774775636e-06,2.765655517578125e-05,3.5762786865234375e-05,0.00011730194091796875,0.00013256072998046875,0.0001583099365234375,0.00017642974853515625,0.0,0.0,main10-common65
main10-common65,V2-P15,Uniform final erosion (output spacing 10 voxels),Fine-support finalization (output spacing 10 voxels),27.185620617004233,27.185620617004233,2952,0.00014662894387766856,0.0001646781500782424,1.804920620057384e-05,8.7738037109375e-05,0.00010967254638671875,0.000331878662109375,0.0003676414489746094,0.0004596710205078125,0.00048065185546875,0.0,0.0,main10-common65
main10-common65,V2-P16,Uniform final erosion (output spacing 10 voxels),Fine-support finalization (output spacing 10 voxels),33.25223399140119,33.25223399140119,3603,0.0003495367768849367,0.0003727558654346752,2.3219088549738528e-05,0.0001583099365234375,0.00018930435180664062,0.000835418701171875,0.0008649826049804688,0.0013327598571777344,0.00131988525390625,0.0,0.0,main10-common65
main10-common65,V2-P18,Uniform final erosion (output spacing 10 voxels),Fine-support finalization (output spacing 10 voxels),9.626941840386472,9.626941840386472,1044,0.00021975889187697418,0.0002477230557326449,2.7964163855670716e-05,0.000152587890625,0.00017404556274414062,0.00045490264892578125,0.0005249977111816406,0.0006394386291503906,0.0007348060607910156,0.0,0.0,main10-common65
main10-common65,V2-P19,Uniform final erosion (output spacing 10 voxels),Fine-support finalization (output spacing 10 voxels),5.528784918097983,5.528784918097983,601,0.00015283642620261617,0.00018636286069797158,3.3526434495355436e-05,4.291534423828125e-05,7.295608520507812e-05,0.0004267692565917969,0.0005235671997070312,0.0006799697875976562,0.0007624626159667969,0.0,0.0,main10-common65
main10-common65,V2-P20,Uniform final erosion (output spacing 10 voxels),Fine-support finalization (output spacing 10 voxels),6.545259824296477,6.545259824296477,710,1.6825525248139652e-05,2.217252048820848e-05,5.346995240068826e-06,8.58306884765625e-06,1.33514404296875e-05,3.910064697265625e-05,5.245208740234375e-05,6.246566772460938e-05,7.104873657226562e-05,0.0,0.0,main10-common65
main10-common65,V2-P21,Uniform final erosion (output spacing 10 voxels),Fine-support finalization (output spacing 10 voxels),19.562698112001957,19.562698112001957,2118,0.0003139389847363427,0.0003758922770559613,6.195329231961862e-05,6.961822509765625e-05,9.012222290039062e-05,0.0006322860717773438,0.0008459091186523438,0.0013952255249023438,0.0016927719116210938,0.0,0.0,main10-common65
main10-common65,V2-P22,Uniform final erosion (output spacing 10 voxels),Fine-support finalization (output spacing 10 voxels),6.6034243698368975,6.6034243698368975,715,0.00018099760796301507,0.0001994105982036897,1.8412990240674597e-05,3.2901763916015625e-05,5.054473876953125e-05,0.0005102157592773438,0.000553131103515625,0.0008449554443359375,0.0008473396301269531,0.0,0.0,main10-common65
main10-common65,V2-P23,Uniform final erosion (output spacing 10 voxels),Fine-support finalization (output spacing 10 voxels),20.147905339806,20.147905339806,2184,0.0005397724332944517,0.000578915247909579,3.914281461512723e-05,0.00017261505126953125,0.000186920166015625,0.0013036727905273438,0.0013341903686523438,0.0020966529846191406,0.0022063255310058594,0.0,0.0,main10-common65
main10-common65,V2-P25,Uniform final erosion (output spacing 10 voxels),Fine-support finalization (output spacing 10 voxels),6.632284707198602,6.632284707198602,722,0.0002564610956213297,0.0002760638106483824,1.9602715027052764e-05,0.0001678466796875,0.00019884109497070312,0.000640869140625,0.0006456375122070312,0.0007939338684082031,0.0008597373962402344,0.0,0.0,main10-common65
main10-common65,V2-P26,Uniform final erosion (output spacing 10 voxels),Fine-support finalization (output spacing 10 voxels),23.58846524667303,23.58846524667303,2554,0.0008353313399791278,0.0009093810510920818,7.404971111295382e-05,0.00047016143798828125,0.0005593299865722656,0.0018911361694335938,0.0020394325256347656,0.002791881561279297,0.0028486251831054688,0.0,0.0,main10-common65
main10-common65,V2-P28,Uniform final erosion (output spacing 10 voxels),Fine-support finalization (output spacing 10 voxels),1.4485841991805193,1.4485841991805193,160,0.00045208081222291094,0.0008287948744554864,0.0003767140622325755,0.00011348724365234375,0.0002903938293457031,0.0013995170593261719,0.002552509307861328,0.0018281936645507812,0.00316619873046875,0.0,0.0,main10-common65
main10-common65,V2-P29,Uniform final erosion (output spacing 10 voxels),Fine-support finalization (output spacing 10 voxels),20.910157227104406,20.910157227104406,2264,0.0002629349660664342,0.0002996001474233055,3.666518135687127e-05,0.00013208389282226562,0.0001697540283203125,0.0006504058837890625,0.0007410049438476562,0.0009145736694335938,0.0010275840759277344,0.0,0.0,main10-common65
main10-common65,V2-P30,Uniform final erosion (output spacing 10 voxels),Fine-support finalization (output spacing 10 voxels),9.181152639323741,9.181152639323741,995,8.661770838963271e-05,0.00011847036255149086,3.185265416185814e-05,2.002716064453125e-05,3.337860107421875e-05,0.00021648406982421875,0.00033473968505859375,0.0003571510314941406,0.00047397613525390625,0.0,0.0,main10-common65
main10-common65,V2-P31,Uniform final erosion (output spacing 10 voxels),Fine-support finalization (output spacing 10 voxels),4.366589871134176,4.366589871134176,473,6.03701663339186e-05,8.444712915874393e-05,2.407696282482533e-05,2.956390380859375e-05,5.054473876953125e-05,0.0001659393310546875,0.00020360946655273438,0.000240325927734375,0.0003008842468261719,0.0,0.0,main10-common65
main10-common65,V2-P32,Uniform final erosion (output spacing 10 voxels),Fine-support finalization (output spacing 10 voxels),6.15284401323163,6.15284401323163,667,7.880537108575195e-05,9.870305504116263e-05,1.98976839554107e-05,4.1961669921875e-05,5.9604644775390625e-05,0.00021219253540039062,0.0002384185791015625,0.0003185272216796875,0.00032901763916015625,0.0,0.0,main10-common65
main10-common65,V3-P01,Uniform final erosion (output spacing 10 voxels),Fine-support finalization (output spacing 10 voxels),14.332132043386334,14.332132043386334,1556,0.00017052154668140528,0.0001949980237399837,2.4476477058578463e-05,9.870529174804688e-05,0.00011444091796875,0.0004115104675292969,0.000484466552734375,0.0006046295166015625,0.0007033348083496094,0.0,0.0,main10-common65
main10-common65,V3-P04,Uniform final erosion (output spacing 10 voxels),Fine-support finalization (output spacing 10 voxels),8.022653632864806,8.022653632864806,867,0.0001237796287320748,0.00015210083363690596,2.832120490483117e-05,1.7642974853515625e-05,3.24249267578125e-05,0.00020551681518554688,0.0002942085266113281,0.0004229545593261719,0.0006246566772460938,0.0,0.0,main10-common65
main10-common65,V3-P05,Uniform final erosion (output spacing 10 voxels),Fine-support finalization (output spacing 10 voxels),2.459416542109601,2.459416542109601,266,3.7064896367946586e-05,4.418010017035248e-05,7.115203802405908e-06,2.384185791015625e-05,3.147125244140625e-05,8.869171142578125e-05,9.250640869140625e-05,0.00011777877807617188,0.00013017654418945312,0.0,0.0,main10-common65
main10-common65,V3-P09,Uniform final erosion (output spacing 10 voxels),Fine-support finalization (output spacing 10 voxels),5.15480010972756,5.15480010972756,559,0.00012614265933174148,0.00014820233140215965,2.2059672070418143e-05,4.6253204345703125e-05,5.4836273193359375e-05,0.0003275871276855469,0.0004057884216308594,0.0004849433898925781,0.0006160736083984375,0.0,0.0,main10-common65
main10-common65,V3-P11,Uniform final erosion (output spacing 10 voxels),Fine-support finalization (output spacing 10 voxels),3.4231002952685547,3.4231002952685547,373,8.28575849782193e-05,0.00010208816424028659,1.9230579262067282e-05,3.8623809814453125e-05,5.5789947509765625e-05,0.0002231597900390625,0.00027370452880859375,0.0002765655517578125,0.00035762786865234375,0.0,0.0,main10-common65
main10-common65,V3-P13,Uniform final erosion (output spacing 10 voxels),Fine-support finalization (output spacing 10 voxels),0.44384048773643503,0.44384048773643503,48,1.0904011908950727e-07,4.155995201269375e-06,4.046955082179867e-06,0.0,0.0,4.76837158203125e-07,3.337860107421875e-06,9.5367431640625e-07,4.1484832763671875e-05,0.0,0.0,main10-common65
main10-common65,V3-P14,Uniform final erosion (output spacing 10 voxels),Fine-support finalization (output spacing 10 voxels),11.679457049557426,11.679457049557426,1269,3.893891550098644e-05,4.3686964409577325e-05,4.748048908590891e-06,2.3365020751953125e-05,2.86102294921875e-05,8.96453857421875e-05,9.822845458984375e-05,0.00012350082397460938,0.00013303756713867188,0.0,0.0,main10-common65
main10-common65,V3-P15,Uniform final erosion (output spacing 10 voxels),Fine-support finalization (output spacing 10 voxels),2.4140822280369663,2.4140822280369663,261,0.00012093987432868892,0.000141083099292565,2.014322496387607e-05,9.5367431640625e-06,2.3365020751953125e-05,0.0003905296325683594,0.0004439353942871094,0.0006194114685058594,0.0005826950073242188,0.0,0.0,main10-common65
main10-common65,V3-P16,Uniform final erosion (output spacing 10 voxels),Fine-support finalization (output spacing 10 voxels),10.256545389634477,10.256545389634477,1112,0.00010577315273990932,0.00011883524563182222,1.3062092891912877e-05,3.3855438232421875e-05,4.57763671875e-05,0.0002484321594238281,0.0003228187561035156,0.00043201446533203125,0.0004982948303222656,0.0,0.0,main10-common65
main10-common65,V3-P18,Uniform final erosion (output spacing 10 voxels),Fine-support finalization (output spacing 10 voxels),4.324889609937448,4.324889609937448,469,9.794312487770284e-06,1.018432019845534e-05,3.9000771068505684e-07,4.291534423828125e-06,5.245208740234375e-06,2.5272369384765625e-05,2.384185791015625e-05,4.1484832763671875e-05,3.3855438232421875e-05,0.0,0.0,main10-common65
main10-common65,V3-P21,Uniform final erosion (output spacing 10 voxels),Fine-support finalization (output spacing 10 voxels),14.094717215104184,14.094717215104184,1532,9.820308465693411e-05,0.00010400166090937959,5.798576252445472e-06,4.9591064453125e-05,5.53131103515625e-05,0.0002307891845703125,0.000225067138671875,0.00034046173095703125,0.00035762786865234375,0.0,0.0,main10-common65
main10-common65,V3-P22,Uniform final erosion (output spacing 10 voxels),Fine-support finalization (output spacing 10 voxels),12.236211675314168,12.236211675314168,1330,8.317059537854631e-05,9.436405486333289e-05,1.1193459484786576e-05,3.147125244140625e-05,4.00543212890625e-05,0.00023365020751953125,0.0002627372741699219,0.0003223419189453125,0.0003552436828613281,0.0,0.0,main10-common65
main10-common65,V3-P23,Uniform final erosion (output spacing 10 voxels),Fine-support finalization (output spacing 10 voxels),9.611752352036332,9.611752352036332,1044,7.020370450232004e-05,8.293088564098722e-05,1.2727181138667178e-05,3.910064697265625e-05,5.245208740234375e-05,0.00017213821411132812,0.00020551681518554688,0.00023889541625976562,0.0002574920654296875,0.0,0.0,main10-common65
main10-common65,V3-P24,Uniform final erosion (output spacing 10 voxels),Fine-support finalization (output spacing 10 voxels),0.5263129337103474,0.5263129337103474,57,6.447974246235115e-07,1.4887424958688567e-06,8.439450712453452e-07,4.76837158203125e-07,9.5367431640625e-07,1.430511474609375e-06,3.814697265625e-06,2.86102294921875e-06,5.7220458984375e-06,0.0,0.0,main10-common65
main10-common65,V3-P25,Uniform final erosion (output spacing 10 voxels),Fine-support finalization (output spacing 10 voxels),2.7259011463879257,2.7259011463879257,296,8.058020695724585e-07,2.0505976231503745e-06,1.2447955535779157e-06,4.76837158203125e-07,9.5367431640625e-07,2.384185791015625e-06,4.76837158203125e-06,3.337860107421875e-06,9.5367431640625e-06,0.0,0.0,main10-common65
main10-common65,V3-P26,Uniform final erosion (output spacing 10 voxels),Fine-support finalization (output spacing 10 voxels),2.1172779434807385,2.1172779434807385,229,3.056686363471982e-05,4.462888736915168e-05,1.406202373443186e-05,1.239776611328125e-05,2.47955322265625e-05,8.20159912109375e-05,0.0001201629638671875,0.00012969970703125,0.00014829635620117188,0.0,0.0,main10-common65
main10-common65,V3-P28,Uniform final erosion (output spacing 10 voxels),Fine-support finalization (output spacing 10 voxels),0.13911137201872473,0.13911137201872473,15,1.2071401705054668e-06,9.706999416226404e-06,8.499859245720935e-06,9.5367431640625e-07,7.62939453125e-06,2.384185791015625e-06,2.193450927734375e-05,3.337860107421875e-06,2.9087066650390625e-05,0.0,0.0,main10-common65
main10-common65,V3-P32,Uniform final erosion (output spacing 10 voxels),Fine-support finalization (output spacing 10 voxels),15.232114011804759,15.232114011804759,1652,7.689281333844409e-05,8.067030755151756e-05,3.7774942130734732e-06,4.291534423828125e-05,4.863739013671875e-05,0.00017833709716796875,0.00018596649169921875,0.00029754638671875,0.00028705596923828125,0.0,0.0,main10-common65
spacing5-mechanism-common2,V1-P10,Uniform final erosion (output spacing 5 voxels),Fine-support finalization (output spacing 5 voxels),40.40276901049868,40.40276901049868,17534,0.00014230220301854663,0.00014515969678455273,2.8574937660060967e-06,7.62939453125e-05,7.867813110351562e-05,0.00033855438232421875,0.00034332275390625,0.0004673004150390625,0.0004673004150390625,0.0,0.0,spacing5-mechanism-common2
spacing5-mechanism-common2,V1-P06,Uniform final erosion (output spacing 5 voxels),Fine-support finalization (output spacing 5 voxels),1.5063745312094308,1.5063745312094308,652,1.1672641272781737e-05,1.2332115757707288e-05,6.594744849255532e-07,9.5367431640625e-07,1.9073486328125e-06,3.24249267578125e-05,3.24249267578125e-05,4.9591064453125e-05,4.8160552978515625e-05,0.0,0.0,spacing5-mechanism-common2
spacing5-development-common2,C0-P05,Uniform final erosion (output spacing 5 voxels),Fine-support finalization (output spacing 5 voxels),1.9495855064385617,1.9495855064385617,844,0.00019940378459627623,0.00021447326663284543,1.5069482036569248e-05,0.00012636184692382812,0.00014781951904296875,0.00045108795166015625,0.0004711151123046875,0.0006175041198730469,0.0006275177001953125,0.0,0.0,spacing5-development-common2
spacing5-development-common2,C0-P29,Uniform final erosion (output spacing 5 voxels),Fine-support finalization (output spacing 5 voxels),4.935355776733576,4.935355776733576,2131,0.0005135775446650216,0.0005832829834390103,6.970543877398867e-05,0.0002593994140625,0.00034809112548828125,0.0011272430419921875,0.0013842582702636719,0.0015306472778320312,0.0018000602722167969,0.0,0.0,spacing5-development-common2
